Day,Time Block,Task,Reward_Points,Notes
Monday,Morning,Feed/change baby,1,
Monday,Morning,Quick breakfast & dishes,1,
Monday,Mid-Morning,Sweep/vacuum 1 floor,1,
Monday,Mid-Morning,Bathroom touch-up,1,
Monday,Late Morning,Meal prep / tidy kitchen,1,
Monday,Evening,Family clean-up,1,
Tuesday,Morning,Laundry load #2,1,
Tuesday,Mid-Morning,Vacuum bedrooms,1,
Tuesday,Evening,Mop kitchen & bathrooms,1,
Wednesday,Mid-Morning,Bedding wash,1,
Thursday,Mid-Morning,Dust bedrooms,1,
Friday,Mid-Morning,Fridge clean-out,1,
Saturday,Morning,Family power tidy,2,Play music and have fun
Saturday,Mid-Morning,Car clean,2,
Sunday,Morning,Dog bath,2,
